Папка,Файл,Камера,"Длит., с","Размер, ГБ",GPS,FACE,SCEN,CORI/GRAV,TMPC
08 02 Вероника Курносов/Видео,GX012239.MP4,HERO11 Black,26.5,0.19,GPS9,да,да,да,да
08 02 Вероника Курносов/Видео,GX012240.MP4,HERO11 Black,29.2,0.2,GPS9,да,да,да,да
08 02 Вероника Курносов/Видео,GX012241.MP4,HERO11 Black,59.8,0.42,GPS9,да,да,да,да
08 02 Вероника Курносов/Видео,GX012242.MP4,HERO11 Black,43.8,0.31,GPS9,да,да,да,да
08 02 Вероника Курносов/Видео,GX012243.MP4,HERO11 Black,45.7,0.32,GPS9,да,да,да,да
08 02 Вероника Курносов/Видео,GX012244.MP4,HERO11 Black,20.9,0.15,GPS9,да,да,да,да
08 02 Вероника Курносов/Видео,GX012245.MP4,HERO11 Black,118.6,0.83,GPS9,да,да,да,да
08 02 Вероника Курносов/Видео,GX012246.MP4,HERO11 Black,48.9,0.34,GPS9,да,да,да,да
08 02 Вероника Курносов/Видео,GX012247.MP4,HERO11 Black,28.0,0.2,GPS9,да,да,да,да
08 02 Вероника Курносов/Видео,GX012248.MP4,HERO11 Black,27.4,0.19,GPS9,да,да,да,да
08 02 Наташа Лукошкина/видео,GX012257.MP4,HERO11 Black,34.0,0.24,GPS9,да,да,да,да
08 02 Наташа Лукошкина/видео,GX012258.MP4,HERO11 Black,41.4,0.29,GPS9,да,да,да,да
08 02 Наташа Лукошкина/видео,GX012259.MP4,HERO11 Black,36.4,0.25,GPS9,да,да,да,да
08 02 Наташа Лукошкина/видео,GX012260.MP4,HERO11 Black,20.2,0.14,GPS9,да,да,да,да
08 02 Наташа Лукошкина/видео,GX012261.MP4,HERO11 Black,16.1,0.11,GPS9,да,да,да,да
08 02 Наташа Лукошкина/видео,GX012262.MP4,HERO11 Black,94.4,0.66,GPS9,да,да,да,да
08 02 Наташа Лукошкина/видео,GX012263.MP4,HERO11 Black,7.0,0.05,GPS9,да,да,да,да
08 02 Наташа Лукошкина/видео,GX012264.MP4,HERO11 Black,78.8,0.55,GPS9,да,да,да,да
08 02/Видео,GX012253.MP4,HERO11 Black,29.9,0.21,GPS9,да,да,да,да
08 02/Видео,GX012254.MP4,HERO11 Black,21.6,0.15,GPS9,да,да,да,да
08 02/Видео,GX012255.MP4,HERO11 Black,104.7,0.73,GPS9,да,да,да,да
08 02/Видео,GX012256.MP4,HERO11 Black,45.4,0.32,GPS9,да,да,да,да
11 07 ТМ Чурков ОП Иконников Дарья,GX012424.MP4,HERO11 Black,22.1,0.31,—,да,да,да,да
11 07 ТМ Чурков ОП Иконников Дарья,GX012425.MP4,HERO11 Black,30.8,0.43,—,да,да,да,да
11 07 ТМ Чурков ОП Иконников Дарья,GX012426.MP4,HERO11 Black,19.3,0.27,—,да,да,да,да
11 07 ТМ Чурков ОП Иконников Дарья,GX012427.MP4,HERO11 Black,26.5,0.37,—,да,да,да,да
11 07 ТМ Чурков ОП Иконников Дарья,GX012428.MP4,HERO11 Black,30.4,0.42,—,да,да,да,да
11 07 ТМ Чурков ОП Иконников Дарья,GX012429.MP4,HERO11 Black,18.0,0.25,—,да,да,да,да
11 07 ТМ Чурков ОП Иконников Дарья,GX012430.MP4,HERO11 Black,5.5,0.08,—,да,да,да,да
11 07 ТМ Чурков ОП Иконников Дарья,GX012431.MP4,HERO11 Black,93.1,1.3,—,да,да,да,да
11 07 ТМ Чурков ОП Иконников Дарья,GX012432.MP4,HERO11 Black,81.2,1.13,—,да,да,да,да
12 01 Ахмед,GX0120611.mp4,—,136.3,2.41,нет gpmd,,,,
12 01 Ахмед/12 01 Ahmed,GX012056.MP4,HERO11 Black,36.5,0.26,GPS9,да,да,да,да
12 01 Ахмед/12 01 Ahmed,GX012057.MP4,HERO11 Black,19.7,0.14,GPS9,да,да,да,да
12 01 Ахмед/12 01 Ahmed,GX012058.MP4,HERO11 Black,55.8,0.39,GPS9,да,да,да,да
12 01 Ахмед/12 01 Ahmed,GX012059.MP4,HERO11 Black,17.2,0.12,GPS9,да,да,да,да
12 01 Ахмед/12 01 Ahmed,GX012060.MP4,HERO11 Black,25.6,0.18,GPS9,да,да,да,да
12 01 Ахмед/12 01 Ahmed,GX022061.MP4,HERO11 Black,117.2,0.82,GPS9,да,да,да,да
16 03 24 Затяжной прыжок (Дмитрий),GX010015.MP4,HERO11 Black,204.9,1.43,GPS9,да,да,да,да
17 03 24 Крис,P3170014.MOV,—,351.4,0.78,нет gpmd,,,,
17 03 24 Крис/Видео,GX010022.MP4,HERO11 Black,35.1,0.25,GPS9,да,да,да,да
17 03 24 Крис/Видео,GX010023.MP4,HERO11 Black,32.2,0.23,GPS9,да,да,да,да
17 03 24 Крис/Видео,GX010024.MP4,HERO11 Black,13.5,0.09,GPS9,да,да,да,да
17 03 24 Крис/Видео,GX010025.MP4,HERO11 Black,40.1,0.28,GPS9,да,да,да,да
17 03 24 Крис/Видео,GX010026.MP4,HERO11 Black,40.0,0.28,GPS9,да,да,да,да
17 03 24 Крис/Видео,GX010027.MP4,HERO11 Black,29.0,0.2,GPS9,да,да,да,да
17 03 24 Крис/Видео,GX010028.MP4,HERO11 Black,265.3,1.85,GPS9,да,да,да,да
17 03 24 Крис/Видео,GX010030.MP4,HERO11 Black,69.1,0.48,GPS9,да,да,да,да
18 05,GX010181.MP4,HERO11 Black,19.1,0.13,GPS9,да,да,да,да
18 05,GX010182.MP4,HERO11 Black,34.4,0.24,GPS9,да,да,да,да
18 05,GX010183.MP4,HERO11 Black,31.4,0.22,GPS9,да,да,да,да
18 05,GX010184.MP4,HERO11 Black,21.0,0.15,GPS9,да,да,да,да
18 05,GX010185.MP4,HERO11 Black,8.1,0.06,GPS9,да,да,да,да
18 05,GX010186.MP4,HERO11 Black,29.3,0.21,GPS9,да,да,да,да
18 05,GX010187.MP4,HERO11 Black,20.5,0.14,GPS9,да,да,да,да
18 05,GX010188.MP4,HERO11 Black,116.2,0.81,GPS9,да,да,да,да
18 05,GX010190.MP4,HERO11 Black,68.2,0.48,GPS9,да,да,да,да
20 06 Бабынин Ульяна Иконников/Видео,GX012394.MP4,HERO11 Black,46.6,0.54,—,да,да,да,да
20 06 Бабынин Ульяна Иконников/Видео,GX012395.MP4,HERO11 Black,24.7,0.29,—,да,да,да,да
20 06 Бабынин Ульяна Иконников/Видео,GX012396.MP4,HERO11 Black,191.9,2.23,—,да,да,да,да
20 06 Бабынин Ульяна Иконников/Видео,GX012398.MP4,HERO11 Black,59.8,0.7,—,да,да,да,да
23 05 26  Лиза  ТМ Умнов ОП Иконников,DJI_20260523143455_0009_D.MP4,—,26.8,0.13,нет gpmd,,,,
23 05 26  Лиза  ТМ Умнов ОП Иконников,GX012318.MP4,HERO11 Black,16.0,0.11,—,да,да,да,да
23 05 26  Лиза  ТМ Умнов ОП Иконников,GX012319.MP4,HERO11 Black,52.6,0.37,—,да,да,да,да
23 05 26  Лиза  ТМ Умнов ОП Иконников,GX012320.MP4,HERO11 Black,24.8,0.18,—,да,да,да,да
23 05 26  Лиза  ТМ Умнов ОП Иконников,GX012321.MP4,HERO11 Black,20.1,0.14,—,да,да,да,да
23 05 26  Лиза  ТМ Умнов ОП Иконников,GX012322.MP4,HERO11 Black,29.6,0.21,—,да,да,да,да
23 05 26  Лиза  ТМ Умнов ОП Иконников,GX012323.MP4,HERO11 Black,16.2,0.11,—,да,да,да,да
23 05 26  Лиза  ТМ Умнов ОП Иконников,GX012324.MP4,HERO11 Black,17.2,0.12,—,да,да,да,да
23 05 26  Лиза  ТМ Умнов ОП Иконников,GX012325.MP4,HERO11 Black,33.1,0.23,—,да,да,да,да
23 05 26  Лиза  ТМ Умнов ОП Иконников,GX012326.MP4,HERO11 Black,166.2,1.16,—,да,да,да,да
23 05 26  ТМ Курносов ОП Иконников,GX012327.MP4,HERO11 Black,11.3,0.08,—,да,да,да,да
23 05 26  ТМ Курносов ОП Иконников,GX012328.MP4,HERO11 Black,31.0,0.22,—,да,да,да,да
23 05 26  ТМ Курносов ОП Иконников,GX012329.MP4,HERO11 Black,21.7,0.15,—,да,да,да,да
23 05 26  ТМ Курносов ОП Иконников,GX012330.MP4,HERO11 Black,140.2,0.98,—,да,да,да,да
23 05 26  ТМ Курносов ОП Иконников,GX012331.MP4,HERO11 Black,45.9,0.32,—,да,да,да,да
25 07 ТИ Родионов ОП Иконников ТК Денис,GX012466.MP4,HERO11 Black,47.3,0.33,—,да,да,да,да
25 07 ТИ Родионов ОП Иконников ТК Денис,GX012467.MP4,HERO11 Black,30.5,0.22,—,да,да,да,да
25 07 ТИ Родионов ОП Иконников ТК Денис,GX012468.MP4,HERO11 Black,36.2,0.25,—,да,да,да,да
25 07 ТИ Родионов ОП Иконников ТК Денис,GX012469.MP4,HERO11 Black,11.4,0.08,—,да,да,да,да
25 07 ТИ Родионов ОП Иконников ТК Денис,GX012470.MP4,HERO11 Black,19.0,0.13,—,да,да,да,да
25 07 ТИ Родионов ОП Иконников ТК Денис,GX012471.MP4,HERO11 Black,18.9,0.13,—,да,да,да,да
25 07 ТИ Родионов ОП Иконников ТК Денис,GX012472.MP4,HERO11 Black,78.0,0.54,—,да,да,да,да
25 07 ТИ Родионов ОП Иконников ТК Денис,GX012473.MP4,HERO11 Black,29.1,0.2,—,да,да,да,да
25 07 ТИ Родионов ОП Иконников ТК Денис,GX012474.MP4,HERO11 Black,122.6,0.86,—,да,да,да,да
25 07 ТИ Родионов ОП Иконников ТК Денис,GX012475.MP4,HERO11 Black,200.8,1.4,—,да,да,да,да
25 07 ТИ Родионов ОП Иконников ТК Денис,GX012476.MP4,HERO11 Black,18.2,0.13,—,да,да,да,да
25 07 ТИ Родионов ОП Иконников ТК Денис,GX012477.MP4,HERO11 Black,73.0,0.51,—,да,да,да,да
30 05 Бабынин Иконников Федор,GX012365.MP4,HERO11 Black,21.2,0.15,—,да,да,да,да
30 05 Бабынин Иконников Федор,GX012366.MP4,HERO11 Black,26.4,0.19,—,да,да,да,да
30 05 Бабынин Иконников Федор,GX012367.MP4,HERO11 Black,51.6,0.36,—,да,да,да,да
30 05 Бабынин Иконников Федор,GX012368.MP4,HERO11 Black,23.5,0.16,—,да,да,да,да
30 05 Бабынин Иконников Федор,GX012369.MP4,HERO11 Black,132.6,0.93,—,да,да,да,да
30 05 Бабынин Иконников Федор,GX012370.MP4,HERO11 Black,24.7,0.17,—,да,да,да,да
30 05 Бабынин Иконников Федор,GX012371.MP4,HERO11 Black,37.8,0.27,—,да,да,да,да
zenghaihong +ОП Максим 26.06/видео,GX012413.MP4,HERO11 Black,12.6,0.09,—,да,да,да,да
zenghaihong +ОП Максим 26.06/видео,GX012414.MP4,HERO11 Black,26.0,0.18,—,да,да,да,да
zenghaihong +ОП Максим 26.06/видео,GX012415.MP4,HERO11 Black,26.8,0.19,—,да,да,да,да
zenghaihong +ОП Максим 26.06/видео,GX012416.MP4,HERO11 Black,24.7,0.17,—,да,да,да,да
zenghaihong +ОП Максим 26.06/видео,GX012417.MP4,HERO11 Black,104.3,0.73,—,да,да,да,да
zenghaihong +ОП Максим 26.06/видео,GX012418.MP4,HERO11 Black,44.0,0.31,—,да,да,да,да
Данил ОП Максим 26.06/видео,GX012401.MP4,HERO11 Black,48.3,0.34,—,да,да,да,да
Данил ОП Максим 26.06/видео,GX012402.MP4,HERO11 Black,18.0,0.13,—,да,да,да,да
Данил ОП Максим 26.06/видео,GX012403.MP4,HERO11 Black,10.7,0.08,—,да,да,да,да
Данил ОП Максим 26.06/видео,GX012404.MP4,HERO11 Black,18.3,0.13,—,да,да,да,да
Данил ОП Максим 26.06/видео,GX012405.MP4,HERO11 Black,34.0,0.24,—,да,да,да,да
Данил ОП Максим 26.06/видео,GX012406.MP4,HERO11 Black,17.8,0.12,—,да,да,да,да
Данил ОП Максим 26.06/видео,GX012407.MP4,HERO11 Black,16.5,0.12,—,да,да,да,да
Данил ОП Максим 26.06/видео,GX012408.MP4,HERO11 Black,109.3,0.76,—,да,да,да,да
Данил ОП Максим 26.06/видео,GX012409.MP4,HERO11 Black,3.0,0.02,—,да,да,да,да
Данил ОП Максим 26.06/видео,GX012410.MP4,HERO11 Black,56.5,0.4,—,да,да,да,да
Данил ОП Максим 26.06/видео,GX012411.MP4,HERO11 Black,31.7,0.22,—,да,да,да,да
Лилия 13 04 2024/Видео,GX010076.MP4,HERO11 Black,87.5,0.61,GPS9,да,да,да,да
Лилия 13 04 2024/Видео,GX010078.MP4,HERO11 Black,3.5,0.02,GPS9,да,да,да,да
Лилия 13 04 2024/Видео,GX010082.MP4,HERO11 Black,26.5,0.19,GPS9,да,да,да,да
Лилия 13 04 2024/Видео,GX010083.MP4,HERO11 Black,109.2,0.77,GPS9,да,да,да,да
Лилия 13 04 2024/Видео,GX010084.MP4,HERO11 Black,51.6,0.36,GPS9,да,да,да,да
Лилия 13 04 2024/Видео,GX010085.MP4,HERO11 Black,34.7,0.24,GPS9,да,да,да,да
ОП Максим 18.07/Видео,GX012445.MP4,HERO11 Black,15.6,0.11,—,да,да,да,да
ОП Максим 18.07/Видео,GX012446.MP4,HERO11 Black,24.7,0.17,—,да,да,да,да
ОП Максим 18.07/Видео,GX012447.MP4,HERO11 Black,4.8,0.03,—,да,да,да,да
ОП Максим 18.07/Видео,GX012448.MP4,HERO11 Black,19.1,0.13,—,да,да,да,да
ОП Максим 18.07/Видео,GX012449.MP4,HERO11 Black,13.9,0.1,—,да,да,да,да
ОП Максим 18.07/Видео,GX012450.MP4,HERO11 Black,33.2,0.23,—,да,да,да,да
ОП Максим 18.07/Видео,GX012451.MP4,HERO11 Black,81.8,0.57,—,да,да,да,да
ОП Максим 18.07/Видео,GX012452.MP4,HERO11 Black,26.8,0.19,—,да,да,да,да
ОП Максим 18.07/Видео,GX012453.MP4,HERO11 Black,46.2,0.32,—,да,да,да,да
Сергей 6.10.24,GX012034.MP4,HERO11 Black,60.8,0.43,GPS9,да,да,да,да
Сергей 6.10.24,GX012035.MP4,HERO11 Black,8.6,0.06,GPS9,да,да,да,да
Сергей 6.10.24,GX012036.MP4,HERO11 Black,16.0,0.11,GPS9,да,да,да,да
Сергей 6.10.24,GX012037.MP4,HERO11 Black,12.5,0.09,GPS9,да,да,да,да
Сергей 6.10.24,GX012038.MP4,HERO11 Black,15.5,0.11,GPS9,да,да,да,да
Сергей 6.10.24,GX012039.MP4,HERO11 Black,115.2,0.8,GPS9,да,да,да,да
Сергей 6.10.24,GX012040.MP4,HERO11 Black,33.3,0.23,GPS9,да,да,да,да
Сергей 6.10.24,GX012041.MP4,HERO11 Black,109.9,0.77,GPS9,да,да,да,да
Султан 13 04/Видео,GX010095.MP4,HERO11 Black,24.2,0.17,GPS9,да,да,да,да
Султан 13 04/Видео,GX010096.MP4,HERO11 Black,55.6,0.39,GPS9,да,да,да,да
Султан 13 04/Видео,GX010097.MP4,HERO11 Black,19.5,0.14,GPS9,да,да,да,да
Султан 13 04/Видео,GX010098.MP4,HERO11 Black,20.8,0.15,GPS9,да,да,да,да
Султан 13 04/Видео,GX010101.MP4,HERO11 Black,30.2,0.21,GPS9,да,да,да,да
Султан 13 04/Видео,GX010102.MP4,HERO11 Black,131.6,0.92,GPS9,да,да,да,да
Султан 13 04/Видео,GX010103.MP4,HERO11 Black,50.5,0.35,GPS9,да,да,да,да
Тао 03 05/Video,GX010130.MP4,HERO11 Black,61.1,0.43,GPS9,да,да,да,да
Тао 03 05/Video,GX010131.MP4,HERO11 Black,13.3,0.1,GPS9,да,да,да,да
Тао 03 05/Video,GX010132.MP4,HERO11 Black,20.2,0.14,GPS9,да,да,да,да
Тао 03 05/Video,GX010133.MP4,HERO11 Black,21.5,0.15,GPS9,да,да,да,да
Тао 03 05/Video,GX010134.MP4,HERO11 Black,21.8,0.15,GPS9,да,да,да,да
Тао 03 05/Video,GX010135.MP4,HERO11 Black,138.1,0.97,GPS9,да,да,да,да
Тао 03 05/Video,GX010136.MP4,HERO11 Black,57.6,0.4,GPS9,да,да,да,да
вера 31 05/Видео,GX010220.MP4,HERO11 Black,46.0,0.32,GPS9,да,да,да,да
вера 31 05/Видео,GX010221.MP4,HERO11 Black,51.0,0.36,GPS9,да,да,да,да
вера 31 05/Видео,GX010222.MP4,HERO11 Black,21.9,0.15,GPS9,да,да,да,да
вера 31 05/Видео,GX010223.MP4,HERO11 Black,56.9,0.4,GPS9,да,да,да,да
вера 31 05/Видео,GX010224.MP4,HERO11 Black,16.1,0.11,GPS9,да,да,да,да
вера 31 05/Видео,GX010225.MP4,HERO11 Black,114.2,0.8,GPS9,да,да,да,да
вера 31 05/Видео,GX010227.MP4,HERO11 Black,9.2,0.06,GPS9,да,да,да,да
вера 31 05/Видео,GX010228.MP4,HERO11 Black,91.7,0.64,GPS9,да,да,да,да
